dtime,value
1775160783.583522,0.73
1775160862.3711722,1.14
1775160945.4365819,1.56
1775161031.622426,1.83
1775161257.619751,0.29
1775161266.032969,0.17
1775161274.88674,0.27
1775161283.2651432,0.24
1775161337.61457,0.16
1775161345.467007,0.22
1775161933.118475,0.3
1775162004.539519,0.2
1775162076.362108,0.42
1775162323.8059058,0.22
1775162393.9857988,0.29
1775162607.295778,0.25
1775162679.5346859,0.29
1775162765.305836,0.33
