dtime,value
1775163835.006484,True
1775163955.418762,True
1775163962.837387,True
1775163970.32646,True
